entry_id,sector,name,country,register_class,reason,urls_to_open,folder
bn26:FAAM Terevola,batteries,FAAM Terevola,IT,searched none found,"no owner host in the entry's own records — nothing was fetched for it, and nothing may be guessed (L9)",,sources/manual/bn26-faam-terevola/
bn26:InoBat Serbia,batteries,InoBat Serbia,RS,searched none found,"no owner host in the entry's own records — nothing was fetched for it, and nothing may be guessed (L9)",,sources/manual/bn26-inobat-serbia/
bn26:InoBat Valladolid,batteries,InoBat Valladolid,ES,named not admitted,"no owner host in the entry's own records — nothing was fetched for it, and nothing may be guessed (L9)",,sources/manual/bn26-inobat-valladolid/
bn26:ProLogium Dunkirk,batteries,ProLogium Dunkirk,FR,searched none found,"no owner host in the entry's own records — nothing was fetched for it, and nothing may be guessed (L9)",,sources/manual/bn26-prologium-dunkirk/
bn26:TIAMAT Douvrin,batteries,TIAMAT Douvrin,FR,named not admitted,"no owner host in the entry's own records — nothing was fetched for it, and nothing may be guessed (L9)",,sources/manual/bn26-tiamat-douvrin/
iea:1191,hydrogen,AquaVentus (completion),DEU,none found,"every URL in the entry's own records answered nothing: www.aquaventus.com 200, empty body; www.aquaventus.com/news 200, empty body; www.aquaventus.com/en/news 200, empty body; www.aquaventus.com/press 200, empty body",https://ec.europa.eu/commission/presscorner/detail/en/ip_22_3298 | https://ec.europa.eu/commission/presscorner/detail/en/ip_22_5676 | https://ec.europa.eu/commission/presscorner/detail/en/ip_24_837 | https://cinea.ec.europa.eu/news-events/news/european-hydrogen-bank-auction-provides-eu720-million-renewable-hydrogen-production-europe-2024-04-30_en,sources/manual/iea-1191/
iea:1548,hydrogen,Lacq Hydrogen,ESP,none found,"every URL in the entry's own records answered nothing: www.lacq.com 200, empty body; www.lacq.com/news 200, empty body; www.lacq.com/en/news 200, empty body; www.lacq.com/press 200, empty body",https://ec.europa.eu/commission/presscorner/detail/en/ip_22_3298 | https://ec.europa.eu/commission/presscorner/detail/en/ip_22_5676 | https://ec.europa.eu/commission/presscorner/detail/en/ip_24_837 | https://cinea.ec.europa.eu/news-events/news/european-hydrogen-bank-auction-provides-eu720-million-renewable-hydrogen-production-europe-2024-04-30_en | https://www.enagas.es/en/press-room/news-room/press-releases/30_03_2021_np_proyecto_lacq_hydrogen/,sources/manual/iea-1548/
iea:1878,hydrogen,BrintØ - Hydrogen Island,DNK,none found,every URL in the entry's own records answered nothing: www.brint.com 403; www.brint.com/news 403; www.brint.com/en/news 403; www.brint.com/press 403,https://ec.europa.eu/commission/presscorner/detail/en/ip_22_3298 | https://ec.europa.eu/commission/presscorner/detail/en/ip_22_5676 | https://ec.europa.eu/commission/presscorner/detail/en/ip_24_837 | https://cinea.ec.europa.eu/news-events/news/european-hydrogen-bank-auction-provides-eu720-million-renewable-hydrogen-production-europe-2024-04-30_en | https://www.cip.com/projects/our-projects/hydrogen-island/,sources/manual/iea-1878/
iea:1907,hydrogen,"P2X Europe - Nordic Electrofuel Porsgrunn project, phase 2",NOR,none found,"every URL in the entry's own records answered nothing: www.europe.com 200, empty body; www.europe.com/news 200, empty body; www.europe.com/en/news 200, empty body; www.europe.com/press 200, empty body",https://ec.europa.eu/commission/presscorner/detail/en/ip_22_3298 | https://ec.europa.eu/commission/presscorner/detail/en/ip_22_5676 | https://ec.europa.eu/commission/presscorner/detail/en/ip_24_837 | https://cinea.ec.europa.eu/news-events/news/european-hydrogen-bank-auction-provides-eu720-million-renewable-hydrogen-production-europe-2024-04-30_en,sources/manual/iea-1907/
iea:2004,hydrogen,Hellenic Hydrogen in  Western Macedonia,GRC,named not admitted,"every URL in the entry's own records answered nothing: www.hellenic.com 200, empty body; www.hellenic.com/news 200, empty body; www.hellenic.com/en/news 200, empty body; www.hellenic.com/press 200, empty body",https://ec.europa.eu/commission/presscorner/detail/en/ip_22_3298 | https://ec.europa.eu/commission/presscorner/detail/en/ip_22_5676 | https://ec.europa.eu/commission/presscorner/detail/en/ip_24_837 | https://cinea.ec.europa.eu/news-events/news/european-hydrogen-bank-auction-provides-eu720-million-renewable-hydrogen-production-europe-2024-04-30_en,sources/manual/iea-2004/
iea:2017,hydrogen,Plug Power Porvoo plant,FIN,named not admitted,"every URL in the entry's own records answered nothing: www.plug.com 200, empty body; www.plug.com/news 404; www.plug.com/en/news 404; www.plug.com/press 404",https://ec.europa.eu/commission/presscorner/detail/en/ip_22_3298 | https://ec.europa.eu/commission/presscorner/detail/en/ip_22_5676 | https://ec.europa.eu/commission/presscorner/detail/en/ip_24_837 | https://cinea.ec.europa.eu/news-events/news/european-hydrogen-bank-auction-provides-eu720-million-renewable-hydrogen-production-europe-2024-04-30_en | https://www.ir.plugpower.com/press-releases/news-details/2023/Plug-Power-Makes-Major-Strategic-Move-into-Finlands-Green-Hydrogen-Economy-with-its-Proven-PEM-Electrolyzer-and-Liquefaction-Technology/default.aspx,sources/manual/iea-2017/
iea:2185,hydrogen,Nascar,ESP,none found,every URL in the entry's own records answered nothing: cetaer.com 403; cetaer.com/news 403; cetaer.com/en/news 403; cetaer.com/press 403,https://cetaer.com | https://cetaer.com/news | https://cetaer.com/en/news | https://cetaer.com/press | https://ec.europa.eu/commission/presscorner/detail/en/ip_22_3298 | https://ec.europa.eu/commission/presscorner/detail/en/ip_22_5676 | https://ec.europa.eu/commission/presscorner/detail/en/ip_24_837 | https://cinea.ec.europa.eu/news-events/news/european-hydrogen-bank-auction-provides-eu720-million-renewable-hydrogen-production-europe-2024-04-30_en | https://cetaer.com/hidrogeno-verde-el-proyecto-nascar-en-el-paraje-almeriense-de-los-retamares-producira-grandes-cantidades-de-hidrogeno-verde-y-e-metanol/,sources/manual/iea-2185/
iea:2324,hydrogen,"Electrolyzers with ""network related function"" in Apulia - Phase 2",ITA,none found,"no owner host in the entry's own records — nothing was fetched for it, and nothing may be guessed (L9)",https://ec.europa.eu/commission/presscorner/detail/en/ip_22_3298 | https://ec.europa.eu/commission/presscorner/detail/en/ip_22_5676 | https://ec.europa.eu/commission/presscorner/detail/en/ip_24_837 | https://cinea.ec.europa.eu/news-events/news/european-hydrogen-bank-auction-provides-eu720-million-renewable-hydrogen-production-europe-2024-04-30_en | search:electrolyzers with network related function Italy Apulia pilot project,sources/manual/iea-2324/
iea:2326,hydrogen,"Electrolyzers with ""network related function"" in Sicily - Phase 2",ITA,none found,"no owner host in the entry's own records — nothing was fetched for it, and nothing may be guessed (L9)",https://ec.europa.eu/commission/presscorner/detail/en/ip_22_3298 | https://ec.europa.eu/commission/presscorner/detail/en/ip_22_5676 | https://ec.europa.eu/commission/presscorner/detail/en/ip_24_837 | https://cinea.ec.europa.eu/news-events/news/european-hydrogen-bank-auction-provides-eu720-million-renewable-hydrogen-production-europe-2024-04-30_en | search:electrolyzers with network related function Italy Sicily pilot project,sources/manual/iea-2326/
iea:2439,hydrogen,Hidroelectrica - Sona,ROU,none found,"no owner host in the entry's own records — nothing was fetched for it, and nothing may be guessed (L9)",https://ec.europa.eu/commission/presscorner/detail/en/ip_22_3298 | https://ec.europa.eu/commission/presscorner/detail/en/ip_22_5676 | https://ec.europa.eu/commission/presscorner/detail/en/ip_24_837 | https://cinea.ec.europa.eu/news-events/news/european-hydrogen-bank-auction-provides-eu720-million-renewable-hydrogen-production-europe-2024-04-30_en | search:Hidroelectrica Sona Brasov hydrogen electrolyser project Romania,sources/manual/iea-2439/
iea:2501,hydrogen,Vanadis Fuels,FIN,none found,"no owner host in the entry's own records — nothing was fetched for it, and nothing may be guessed (L9)",https://ec.europa.eu/commission/presscorner/detail/en/ip_22_3298 | https://ec.europa.eu/commission/presscorner/detail/en/ip_22_5676 | https://ec.europa.eu/commission/presscorner/detail/en/ip_24_837 | https://cinea.ec.europa.eu/news-events/news/european-hydrogen-bank-auction-provides-eu720-million-renewable-hydrogen-production-europe-2024-04-30_en | search:Aliceco Energy Vanadis Fuels Kokkola e-methanol project company site,sources/manual/iea-2501/
iea:2700,hydrogen,Zijing Mining Renewable energy project,SRB,none found,"no owner host in the entry's own records — nothing was fetched for it, and nothing may be guessed (L9)",https://ec.europa.eu/commission/presscorner/detail/en/ip_22_3298 | https://ec.europa.eu/commission/presscorner/detail/en/ip_22_5676 | https://ec.europa.eu/commission/presscorner/detail/en/ip_24_837 | https://cinea.ec.europa.eu/news-events/news/european-hydrogen-bank-auction-provides-eu720-million-renewable-hydrogen-production-europe-2024-04-30_en | search:Zijin Mining Bor Serbia renewable energy hydrogen project electrolyser,sources/manual/iea-2700/
iea:2863,hydrogen,MetGreenPort,ESP,none found,"no owner host in the entry's own records — nothing was fetched for it, and nothing may be guessed (L9)",https://ec.europa.eu/commission/presscorner/detail/en/ip_22_3298 | https://ec.europa.eu/commission/presscorner/detail/en/ip_22_5676 | https://ec.europa.eu/commission/presscorner/detail/en/ip_24_837 | https://cinea.ec.europa.eu/news-events/news/european-hydrogen-bank-auction-provides-eu720-million-renewable-hydrogen-production-europe-2024-04-30_en | search:Ansasol Hydron MetGreenPort comunicado empresa puerto Huelva metanol,sources/manual/iea-2863/
iea:2897,hydrogen,SIRAM green hydrogen plant in Termoli,ITA,none found,"no owner host in the entry's own records — nothing was fetched for it, and nothing may be guessed (L9)",https://ec.europa.eu/commission/presscorner/detail/en/ip_22_3298 | https://ec.europa.eu/commission/presscorner/detail/en/ip_22_5676 | https://ec.europa.eu/commission/presscorner/detail/en/ip_24_837 | https://cinea.ec.europa.eu/news-events/news/european-hydrogen-bank-auction-provides-eu720-million-renewable-hydrogen-production-europe-2024-04-30_en | search:SIRAM Veolia Termoli green hydrogen plant Italy electrolyser,sources/manual/iea-2897/
iea:2957,hydrogen,Armonia Green Sevilla phase I,ESP,none found,every URL in the entry's own records answered nothing: ignis.es 403; ignis.es/news 403; ignis.es/en/news 403; ignis.es/press 403,https://ignis.es | https://ignis.es/news | https://ignis.es/en/news | https://ignis.es/press | https://ec.europa.eu/commission/presscorner/detail/en/ip_22_3298 | https://ec.europa.eu/commission/presscorner/detail/en/ip_22_5676 | https://ec.europa.eu/commission/presscorner/detail/en/ip_24_837 | https://cinea.ec.europa.eu/news-events/news/european-hydrogen-bank-auction-provides-eu720-million-renewable-hydrogen-production-europe-2024-04-30_en | https://ignis.es/en/green-hydrogen-as-a-key-driver-for-decarbonization-and-energy-transformation/,sources/manual/iea-2957/
iea:3012,hydrogen,Armonia Green Castellon Phase I,ESP,none found,every URL in the entry's own records answered nothing: ignis.es 403; ignis.es/news 403; ignis.es/en/news 403; ignis.es/press 403,https://ignis.es | https://ignis.es/news | https://ignis.es/en/news | https://ignis.es/press | https://ec.europa.eu/commission/presscorner/detail/en/ip_22_3298 | https://ec.europa.eu/commission/presscorner/detail/en/ip_22_5676 | https://ec.europa.eu/commission/presscorner/detail/en/ip_24_837 | https://cinea.ec.europa.eu/news-events/news/european-hydrogen-bank-auction-provides-eu720-million-renewable-hydrogen-production-europe-2024-04-30_en | https://ignis.es/en/green-hydrogen-as-a-key-driver-for-decarbonization-and-energy-transformation/,sources/manual/iea-3012/
iea:3013,hydrogen,Armonia Green Castellon Phase II,ESP,none found,every URL in the entry's own records answered nothing: ignis.es 403; ignis.es/news 403; ignis.es/en/news 403; ignis.es/press 403,https://ignis.es | https://ignis.es/news | https://ignis.es/en/news | https://ignis.es/press | https://ec.europa.eu/commission/presscorner/detail/en/ip_22_3298 | https://ec.europa.eu/commission/presscorner/detail/en/ip_22_5676 | https://ec.europa.eu/commission/presscorner/detail/en/ip_24_837 | https://cinea.ec.europa.eu/news-events/news/european-hydrogen-bank-auction-provides-eu720-million-renewable-hydrogen-production-europe-2024-04-30_en | https://ignis.es/en/green-hydrogen-as-a-key-driver-for-decarbonization-and-energy-transformation/,sources/manual/iea-3013/
iea:3014,hydrogen,Armonia Green Castellon Phase III,ESP,none found,every URL in the entry's own records answered nothing: ignis.es 403; ignis.es/news 403; ignis.es/en/news 403; ignis.es/press 403,https://ignis.es | https://ignis.es/news | https://ignis.es/en/news | https://ignis.es/press | https://ec.europa.eu/commission/presscorner/detail/en/ip_22_3298 | https://ec.europa.eu/commission/presscorner/detail/en/ip_22_5676 | https://ec.europa.eu/commission/presscorner/detail/en/ip_24_837 | https://cinea.ec.europa.eu/news-events/news/european-hydrogen-bank-auction-provides-eu720-million-renewable-hydrogen-production-europe-2024-04-30_en | https://ignis.es/en/green-hydrogen-as-a-key-driver-for-decarbonization-and-energy-transformation/,sources/manual/iea-3014/
iea:3060,hydrogen,"Dolphyn 1, phase 3",GBR,none found,"no owner host in the entry's own records — nothing was fetched for it, and nothing may be guessed (L9)","https://ec.europa.eu/commission/presscorner/detail/en/ip_22_3298 | https://ec.europa.eu/commission/presscorner/detail/en/ip_22_5676 | https://ec.europa.eu/commission/presscorner/detail/en/ip_24_837 | https://cinea.ec.europa.eu/news-events/news/european-hydrogen-bank-auction-provides-eu720-million-renewable-hydrogen-production-europe-2024-04-30_en | search:""Dolphyn"" floating offshore hydrogen project ERM phase 3",sources/manual/iea-3060/
iea:3351,hydrogen,Universal Kraft As Pontes de Garcia Rodriguez project,ESP,none found,"no owner host in the entry's own records — nothing was fetched for it, and nothing may be guessed (L9)","https://ec.europa.eu/commission/presscorner/detail/en/ip_22_3298 | https://ec.europa.eu/commission/presscorner/detail/en/ip_22_5676 | https://ec.europa.eu/commission/presscorner/detail/en/ip_24_837 | https://cinea.ec.europa.eu/news-events/news/european-hydrogen-bank-auction-provides-eu720-million-renewable-hydrogen-production-europe-2024-04-30_en | search:""Universal Kraft"" ""As Pontes"" EsuH2 Mjolnir amoniaco planta Xunta",sources/manual/iea-3351/
iea:3678,hydrogen,ECO2FLY,ESP,named not admitted,every URL in the entry's own records answered nothing: ignis.es 403; ignis.es/news 403; ignis.es/en/news 403; ignis.es/press 403,https://ignis.es | https://ignis.es/news | https://ignis.es/en/news | https://ignis.es/press | https://ec.europa.eu/commission/presscorner/detail/en/ip_22_3298 | https://ec.europa.eu/commission/presscorner/detail/en/ip_22_5676 | https://ec.europa.eu/commission/presscorner/detail/en/ip_24_837 | https://cinea.ec.europa.eu/news-events/news/european-hydrogen-bank-auction-provides-eu720-million-renewable-hydrogen-production-europe-2024-04-30_en | https://ignis.es/ignis-p2x-holcim-y-exolum-presentan-eco2fly-un-proyecto-pionero-para-descarbonizar-la-industria-de-los-materiales-de-construccion-y-el-transporte-aereo/,sources/manual/iea-3678/
iea:3700,hydrogen,Kaskade,DEU,none found,"no owner host in the entry's own records — nothing was fetched for it, and nothing may be guessed (L9)","https://ec.europa.eu/commission/presscorner/detail/en/ip_22_3298 | https://ec.europa.eu/commission/presscorner/detail/en/ip_22_5676 | https://ec.europa.eu/commission/presscorner/detail/en/ip_24_837 | https://cinea.ec.europa.eu/news-events/news/european-hydrogen-bank-auction-provides-eu720-million-renewable-hydrogen-production-europe-2024-04-30_en | search:""Kaskade"" Sangerhausen Wasserstoff Projekt Elektrolyse Sachsen-Anhalt",sources/manual/iea-3700/
iea:3724,hydrogen,Occi'Jet_T1,FRA,none found,"no owner host in the entry's own records — nothing was fetched for it, and nothing may be guessed (L9)","https://ec.europa.eu/commission/presscorner/detail/en/ip_22_3298 | https://ec.europa.eu/commission/presscorner/detail/en/ip_22_5676 | https://ec.europa.eu/commission/presscorner/detail/en/ip_24_837 | https://cinea.ec.europa.eu/news-events/news/european-hydrogen-bank-auction-provides-eu720-million-renewable-hydrogen-production-europe-2024-04-30_en | search:""Occi'Jet"" Toulouse projet carburant aviation durable hydrogene",sources/manual/iea-3724/
iea:3734,hydrogen,Elyfos,FRA,none found,"no owner host in the entry's own records — nothing was fetched for it, and nothing may be guessed (L9)","https://ec.europa.eu/commission/presscorner/detail/en/ip_22_3298 | https://ec.europa.eu/commission/presscorner/detail/en/ip_22_5676 | https://ec.europa.eu/commission/presscorner/detail/en/ip_24_837 | https://cinea.ec.europa.eu/news-events/news/european-hydrogen-bank-auction-provides-eu720-million-renewable-hydrogen-production-europe-2024-04-30_en | search:""Elyfos"" Fos-sur-Mer projet hydrogene e-kerosene electrolyseur",sources/manual/iea-3734/
iea:605,hydrogen,Green Crane Pais Vasco Hub,ESP,none found,"every URL in the entry's own records answered nothing: www.crane.com 200, empty body; www.crane.com/news 200, empty body; www.crane.com/en/news 200, empty body; www.crane.com/press 200, empty body","https://ec.europa.eu/commission/presscorner/detail/en/ip_22_3298 | https://ec.europa.eu/commission/presscorner/detail/en/ip_22_5676 | https://ec.europa.eu/commission/presscorner/detail/en/ip_24_837 | https://cinea.ec.europa.eu/news-events/news/european-hydrogen-bank-auction-provides-eu720-million-renewable-hydrogen-production-europe-2024-04-30_en | search:""Green Crane"" hydrogen Pais Vasco hub Mallabia electrolyser",sources/manual/iea-605/
iea:607,hydrogen,La Robla,ESP,named not admitted,"every URL in the entry's own records answered nothing: www.robla.com 200, empty body; www.robla.com/news 200, empty body; www.robla.com/en/news 200, empty body; www.robla.com/press 200, empty body",https://ec.europa.eu/commission/presscorner/detail/en/ip_22_3298 | https://ec.europa.eu/commission/presscorner/detail/en/ip_22_5676 | https://ec.europa.eu/commission/presscorner/detail/en/ip_24_837 | https://cinea.ec.europa.eu/news-events/news/european-hydrogen-bank-auction-provides-eu720-million-renewable-hydrogen-production-europe-2024-04-30_en | https://www.naturgy.com/notas-de-prensa/naturgy-y-enagas-renovable-presentan-en-la-robla-la-futura-planta-de-hidrogeno-renovable-cuya-capacidad-de-produccion-se-multiplicara-hasta-280-mw/,sources/manual/iea-607/
iea:910,hydrogen,Huelva - Endesa,ESP,named not admitted,"every URL in the entry's own records answered nothing: www.huelva.com 200, empty body; www.huelva.com/news 404; www.huelva.com/en/news 404; www.huelva.com/press 404",https://ec.europa.eu/commission/presscorner/detail/en/ip_22_3298 | https://ec.europa.eu/commission/presscorner/detail/en/ip_22_5676 | https://ec.europa.eu/commission/presscorner/detail/en/ip_24_837 | https://cinea.ec.europa.eu/news-events/news/european-hydrogen-bank-auction-provides-eu720-million-renewable-hydrogen-production-europe-2024-04-30_en,sources/manual/iea-910/
ieaccus:1018,transport and storage,Acorn Isle of Grain to Peterhead shipping,United Kingdom,searched none found,"no owner host in the entry's own records — nothing was fetched for it, and nothing may be guessed (L9)",,sources/manual/ieaccus-1018/
ieaccus:1096,transport and storage,OCAP,Netherlands,searched none found,"no owner host in the entry's own records — nothing was fetched for it, and nothing may be guessed (L9)",,sources/manual/ieaccus-1096/
ieaccus:1142,cement,Beremend cement factory,Hungary,searched none found,"no owner host in the entry's own records — nothing was fetched for it, and nothing may be guessed (L9)",,sources/manual/ieaccus-1142/
ieaccus:1203,transport and storage,TarraCO2,Spain,named not admitted,"no owner host in the entry's own records — nothing was fetched for it, and nothing may be guessed (L9)",,sources/manual/ieaccus-1203/
ieaccus:121,transport and storage,D'Artagnan Dunkirk CO2 Hub Phase 1,France,named not admitted,"no owner host in the entry's own records — nothing was fetched for it, and nothing may be guessed (L9)",https://ec.europa.eu/,sources/manual/ieaccus-121/
ieaccus:1210,cement,Capsol feasibility study cement Germany,Germany,searched none found,"no owner host in the entry's own records — nothing was fetched for it, and nothing may be guessed (L9)",,sources/manual/ieaccus-1210/
ieaccus:122,transport and storage,D'Artagnan Dunkirk CO2 Hub Phase 2,France,named not admitted,"no owner host in the entry's own records — nothing was fetched for it, and nothing may be guessed (L9)",https://ec.europa.eu/,sources/manual/ieaccus-122/
ieaccus:123,transport and storage,D'Artagnan Dunkirk CO2 Hub Phase 3,France,named not admitted,"no owner host in the entry's own records — nothing was fetched for it, and nothing may be guessed (L9)",https://ec.europa.eu/,sources/manual/ieaccus-123/
ieaccus:1277,cement,SOMZERO CO2,Spain,searched none found,"every URL in the entry's own records answered nothing: cemex.es 200, empty body; cemex.es/news 200, empty body; cemex.es/en/news 200, empty body; cemex.es/press 200, empty body",https://cemex.es | https://cemex.es/news | https://cemex.es/en/news | https://cemex.es/press,sources/manual/ieaccus-1277/
ieaccus:1278,transport and storage,Baltic Sea Storage,Poland,named not admitted,"no owner host in the entry's own records — nothing was fetched for it, and nothing may be guessed (L9)",https://climate.ec.europa.eu/,sources/manual/ieaccus-1278/
ieaccus:1361,transport and storage,NL CCS Direct Injection Phase 2,Netherlands,searched none found,"no owner host in the entry's own records — nothing was fetched for it, and nothing may be guessed (L9)",,sources/manual/ieaccus-1361/
ieaccus:1474,transport and storage,CarbonConnect,Belgium-United Kingdom,searched none found,"no owner host in the entry's own records — nothing was fetched for it, and nothing may be guessed (L9)",,sources/manual/ieaccus-1474/
ieaccus:1525,transport and storage,Fieni-Botești ,Romania,searched none found,"no owner host in the entry's own records — nothing was fetched for it, and nothing may be guessed (L9)",https://climate.ec.europa.eu,sources/manual/ieaccus-1525/
ieaccus:319,transport and storage,ECO2CEE (Poland EU CCS Interconnector) phase 1,"Poland, Latvia, Lithuania",named not admitted,"no owner host in the entry's own records — nothing was fetched for it, and nothing may be guessed (L9)",https://ec.europa.eu/,sources/manual/ieaccus-319/
ieaccus:320,transport and storage,ECO2CEE (previously Poland EU CCS Interconnector) phase 2,"Poland, Latvia, Lithuania",named not admitted,"no owner host in the entry's own records — nothing was fetched for it, and nothing may be guessed (L9)",https://ec.europa.eu/,sources/manual/ieaccus-320/
ieaccus:322,transport and storage,Polaris offshore storage facility,Norway,searched none found,"no owner host in the entry's own records — nothing was fetched for it, and nothing may be guessed (L9)",,sources/manual/ieaccus-322/
ieaccus:343,transport and storage,PYCASSO hub phase 1 - eastern and western pipeline,France,searched none found,"no owner host in the entry's own records — nothing was fetched for it, and nothing may be guessed (L9)",,sources/manual/ieaccus-343/
ieaccus:527,transport and storage,CO2nnectNow HES Wilhelmshaven Tank Terminal phase 1,Germany,searched none found,"no owner host in the entry's own records — nothing was fetched for it, and nothing may be guessed (L9)",,sources/manual/ieaccus-527/
ieaccus:528,transport and storage,"CO2T (formerly known as NOR-GE, Windershall DEA - Equinor pipeline)",Netherlands-Norway,named not admitted,every URL in the entry's own records answered nothing: wintershalldea.com 503; wintershalldea.com/news URLError; wintershalldea.com/en/news 503; wintershalldea.com/press URLError,https://wintershalldea.com | https://wintershalldea.com/news | https://wintershalldea.com/en/news | https://wintershalldea.com/press | https://wintershalldea.com/en/newsroom/,sources/manual/ieaccus-528/
ieaccus:648,transport and storage,ECO2CEE (previously Poland EU CCS Interconnector) phase 3,"Poland, Latvia, Lithuania",named not admitted,"no owner host in the entry's own records — nothing was fetched for it, and nothing may be guessed (L9)",https://ec.europa.eu/,sources/manual/ieaccus-648/
ieaccus:652,transport and storage,Callisto Mediterranean CO2 Network phase 1,France-Italy,searched none found,"no owner host in the entry's own records — nothing was fetched for it, and nothing may be guessed (L9)",,sources/manual/ieaccus-652/
ieaccus:653,transport and storage,Callisto Mediterranean CO2 Network phase 2,France-Italy,searched none found,"no owner host in the entry's own records — nothing was fetched for it, and nothing may be guessed (L9)",,sources/manual/ieaccus-653/
ieaccus:661,transport and storage,EU2NSEA PCI Project,Norway,searched none found,"no owner host in the entry's own records — nothing was fetched for it, and nothing may be guessed (L9)",,sources/manual/ieaccus-661/
ieaccus:664,transport and storage,"CO2 TransPorts phase 2 (cross-border pipeline, phase 1 is Porthos and Antwerp?)",Belgium-Netherlands,named not admitted,"no owner host in the entry's own records — nothing was fetched for it, and nothing may be guessed (L9)",https://cinea.ec.europa.eu/,sources/manual/ieaccus-664/
ieaccus:677,transport and storage,North Sea CO2 corridor (Zeebrugge - Germany),Belgium-Germany,searched none found,"no owner host in the entry's own records — nothing was fetched for it, and nothing may be guessed (L9)",,sources/manual/ieaccus-677/
ieaccus:679,transport and storage,NL CCS Direct Injection Phase 1,Netherlands,searched none found,"no owner host in the entry's own records — nothing was fetched for it, and nothing may be guessed (L9)",,sources/manual/ieaccus-679/
ieaccus:684,transport and storage,Geothermal CCS Croatia,Croatia,searched none found,"no owner host in the entry's own records — nothing was fetched for it, and nothing may be guessed (L9)",,sources/manual/ieaccus-684/
ieaccus:685,transport and storage,PYCASSO hub phase 2 - northern and cross-border pipeline,France-Spain,searched none found,"no owner host in the entry's own records — nothing was fetched for it, and nothing may be guessed (L9)",,sources/manual/ieaccus-685/
ieaccus:686,cement,Buzzi Unicem Augusta cement plant,Italy,searched none found,"no owner host in the entry's own records — nothing was fetched for it, and nothing may be guessed (L9)",,sources/manual/ieaccus-686/
ieaccus:687,transport and storage,Augusta C2 ,Italy-Greece,searched none found,"no owner host in the entry's own records — nothing was fetched for it, and nothing may be guessed (L9)",,sources/manual/ieaccus-687/
ieaccus:907,transport and storage,The Bluestreak CO2 Joint Venture,United Kingdom,named not admitted,"no owner host in the entry's own records — nothing was fetched for it, and nothing may be guessed (L9)",https://www.offshore-energy.biz/,sources/manual/ieaccus-907/
ieaccus:917,transport and storage,Gismarvik CO2 hub,Norway,searched none found,"no owner host in the entry's own records — nothing was fetched for it, and nothing may be guessed (L9)",,sources/manual/ieaccus-917/
te24:SVOLT Finland,batteries,SVOLT Finland,,named not admitted,"every URL in the entry's own records answered nothing: svolt-eu.com 200, empty body; svolt-eu.com/news 404; svolt-eu.com/en/news 404; svolt-eu.com/press 200, empty body",https://svolt-eu.com | https://svolt-eu.com/news | https://svolt-eu.com/en/news | https://svolt-eu.com/press,sources/manual/te24-svolt-finland/
te24:Swiss Clean Battery Domat-Ems,batteries,Swiss Clean Battery Domat-Ems,,searched none found,"no owner host in the entry's own records — nothing was fetched for it, and nothing may be guessed (L9)",,sources/manual/te24-swiss-clean-battery-domat-ems/
