entry_id,sector,name,country,register_class,query,candidate_url,what_the_candidate_is,verdict,note
bn26:FAAM Terevola,batteries,FAAM Terevola,IT,searched none found,FAAM Teverola gigafactory Seri Industrial battery plant official site,https://faam.com/en/teverola-plant-overview/,"the owner's own plant page (FAAM, Seri Industrial)",,"the register writes the site as Terevola; the owner and every document write it Teverola"
bn26:InoBat Serbia,batteries,InoBat Serbia,RS,searched none found,InoBat Serbia battery plant official announcement inobat.eu,https://www.inobat.eu/newsroom/inobat-signs-declarations-of-intent-with-the-republic-of-serbia-for-the-construction-of-a-new-ev-battery-gigafactory/,the owner's own newsroom release naming Serbia,,"a second release names Cuprija and the MOU: /newsroom/inobat-signs-mou-with-republic-of-serbias-ministry-of-finance-and-the-municipality-of-cuprija-to-build-its-second-giga-battery-manufacturing-and-recycling/"
bn26:InoBat Valladolid,batteries,InoBat Valladolid,ES,named not admitted,InoBat Valladolid Spain gigafactory official company announcement,https://www.inobat.eu/newsroom/inobat-auto-signs-declarations-of-intent-with-spain-for-construction-of-new-ev-battery-manufacturing-plant/,the owner's own newsroom release on the Spanish plant,,"the census note says inobat.eu answers 200 and does not name Valladolid; this is the release that does, if it does — that is what the verdict settles"
bn26:ProLogium Dunkirk,batteries,ProLogium Dunkirk,FR,searched none found,ProLogium Dunkirk gigafactory official site prologium.com Dunkerque,https://prologium.com/prologium-breaks-ground-on-dunkirk-gigafactory-in-france/,the owner's own groundbreaking release,,"prologium.com carries several Dunkirk releases; this is the one that dates construction"
bn26:TIAMAT Douvrin,batteries,TIAMAT Douvrin,FR,named not admitted,Tiamat Energy newsroom gigafactory site announcement tiamat-energy.com news,https://www.tiamat-energy.com/,the owner's own site,,"NO DOCUMENT FOUND NAMING DOUVRIN. Every source found puts the gigafactory at ZAC Jules Verne 2 near Boves, south-east of Amiens, with the implantation contract signed 7 May 2024. The site in the register's name may be the wrong one, which is a question for the reader and not a URL"
te24:Swiss Clean Battery Domat-Ems,batteries,Swiss Clean Battery Domat-Ems,,searched none found,Swiss Clean Battery AG Frauenfeld Domat-Ems gigafactory official website news,https://www.swisscleanbattery.com/en,the owner's own site,,"the company is recorded as in liquidation on its LinkedIn page; the site may no longer carry the project"
ieaccus:1018,transport and storage,Acorn Isle of Grain to Peterhead shipping,United Kingdom,searched none found,Acorn CCS Isle of Grain to Peterhead CO2 shipping project official Storegga announcement,https://www.theacornproject.uk/news-and-events/acorn-project-signs-mou-with-uniper-to-ship-and-store-captured-co2,the project's own newsroom release on the Uniper MoU,,"the same release is on storegga.earth/news/acorn-project-signs-mou-with-uniper-to-ship-and-store-captured-co2 if the project's own host refuses"
ieaccus:1096,transport and storage,OCAP,Netherlands,searched none found,OCAP CO2 levering glastuinbouw officiele website ocap.nl Linde,https://www.ocap.nl/over-ocap,"the operator's own page (OCAP CO2 B.V., a Linde subsidiary)",,"the host is not derived from the project's name here: a Glastuinbouw Nederland report and the Tomato World factsheet both print www.ocap.nl as the operator's address"
ieaccus:1142,cement,Beremend cement factory,Hungary,searched none found,Beremend cement plant CCS Duna-Drava Cement carbon capture project official,https://www.duna-drava.hu/en/beremend-plant,the owner's own plant page (Duna-Dráva Cement),,"NOTHING FOUND NAMING CARBON CAPTURE AT BEREMEND. The owner's environmental-investment page is about dust and alternative fuels. Related: the Croatian GT CCS project names Hungarian cement plants as emitters — see ieaccus:684"
ieaccus:1203,transport and storage,TarraCO2,Spain,named not admitted,Repsol TARRACO2 CO2 storage Tarragona press release repsol.com,https://ec.europa.eu/assets/cinea/project_fiches/innovation_fund/101191313.pdf,the Innovation Fund project factsheet for TarraCO2-Storage,,"NO REPSOL RELEASE FOUND. The owner is Repsol Exploración and repsol.com/en/press-room carries no TarraCO2 release the search reached; this factsheet is CINEA's, not the owner's"
ieaccus:1210,cement,Capsol feasibility study cement Germany,Germany,searched none found,Capsol Technologies feasibility study cement plant Germany announcement capsoltechnologies.com,https://www.capsoltechnologies.com/Capsol-awarded-feasibility-study-from-cement-producer-in-Germany,the technology supplier's own release,,"the cement producer is unnamed in the release — the study's customer is 'a cement producer in Germany', which may be why the entry has no owner host"
ieaccus:1361,transport and storage,NL CCS Direct Injection Phase 2,Netherlands,searched none found,Neptune Energy L10 CO2 storage Direct Injection project Netherlands official page,https://www.neptuneenergy.com/esg/l10-area-ccs-development,the operator's own project page (L10 area CCS),,"the register's name is the IEA's; the operator calls it L10CCS and the Direct Injection service is the shipped-CO2 leg of it. Eni acquired Neptune in 2024, so the host may have moved"
ieaccus:679,transport and storage,NL CCS Direct Injection Phase 1,Netherlands,searched none found,Neptune Energy L10 CO2 storage Direct Injection project Netherlands official page,https://www.neptuneenergy.com/esg/l10-area-ccs-development,the operator's own project page (L10 area CCS),,"same document as ieaccus:1361 — the phases are one project in the operator's own telling"
ieaccus:1474,transport and storage,CarbonConnect,Belgium-United Kingdom,searched none found,CarbonConnect CO2 project Belgium United Kingdom official announcement,https://www.fluxys.com/en/projects/carbonconnect,the owner's own project page (Fluxys),,
ieaccus:322,transport and storage,Polaris offshore storage facility,Norway,searched none found,Equinor Polaris CO2 storage Barents Sea Hammerfest project page equinor.com,https://www.equinor.com/news/20220405-awarded-smeaheia-polaris-co2-licenses,the operator's own release on the Polaris licence award,,"Equinor is the awarded operator; Vår Energi and Horisont Energi are partners and carry their own releases"
ieaccus:343,transport and storage,PYCASSO hub phase 1 - eastern and western pipeline,France,searched none found,PYCASSO project CO2 storage Pyrenees France official site pycasso,https://www.pycasso-project.eu/en/pycasso/,the project's own site,,"the project was abandoned in 2025 after local opposition; the site may be down, in which case the archive pass is the route"
ieaccus:685,transport and storage,PYCASSO hub phase 2 - northern and cross-border pipeline,France-Spain,searched none found,PYCASSO project CO2 storage Pyrenees France official site pycasso,https://www.pycasso-project.eu/en/pycasso/capture-and-storage-solutions/,"the project's own capture-and-storage page, which is where the pipelines are described",,"same project as ieaccus:343"
ieaccus:527,transport and storage,CO2nnectNow HES Wilhelmshaven Tank Terminal phase 1,Germany,searched none found,CO2nnectNow HES Wilhelmshaven CO2 tank terminal project official announcement,https://wintershalldea.com/en/newsroom/wintershall-dea-and-hes-wilhelmshaven-tank-terminal-intend-jointly-develop-co2-hub-wilhelmshaven,one owner's own release (Wintershall Dea),,"the other owner carries the same release at hesinternational.eu/en/newsroom/wintershall-dea-and-hes-wilhelmshaven-tank-terminal-intend-to-jointly-develop-a-co2-hub — wintershalldea.com is among the hosts that refused this reader elsewhere in the queue"
ieaccus:652,transport and storage,Callisto Mediterranean CO2 Network phase 1,France-Italy,searched none found,Callisto Mediterranean CO2 Network project official site Snam Air Liquide,https://www.callisto-pci.com/,the project's own site (Air Liquide coordinating; Eni and Snam),,"Snam's own PCI release is at snam.it/en/media/news-and-press-releases/comunicati-stampa/2023/snam-south2-corridor-callisto-co2-pci-eu.html"
ieaccus:653,transport and storage,Callisto Mediterranean CO2 Network phase 2,France-Italy,searched none found,Callisto Mediterranean CO2 Network project official site Snam Air Liquide,https://www.callisto-pci.com/,the project's own site,,"same project as ieaccus:652"
ieaccus:661,transport and storage,EU2NSEA PCI Project,Norway,searched none found,EU2NSEA CO2 project of common interest Norway official website,https://www.equinor.com/energy/eu2nsea,one partner's own project page (Equinor),,"developed by Wintershall Dea, Equinor and Fluxys; Equinor's is the page the search reached"
ieaccus:677,transport and storage,North Sea CO2 corridor (Zeebrugge - Germany),Belgium-Germany,searched none found,"""North Sea CO2 corridor"" Zeebrugge Germany pipeline project Fluxys announcement",https://www.fluxys.com/en/projects/carbon-corridor-zeebrugge-germany,the owner's own project page (Fluxys),,"OGE carries the German onshore half at oge.net/en/co2/co2-grid, and Fluxys files a related Ruhbens project separately"
ieaccus:684,transport and storage,Geothermal CCS Croatia,Croatia,searched none found,Croatia geothermal CCS CO2 storage project INA official announcement,https://azu.hr/en-us/projects/geothermal-ccs/,"the promoter's own project page (Croatian Hydrocarbon Agency, AZU)",,"AZU is the project's initiator and promoter; NEXE, INA, Plinacro and Heidelberg Materials are named as participants"
ieaccus:686,cement,Buzzi Unicem Augusta cement plant,Italy,searched none found,Buzzi Unicem Augusta cement plant carbon capture CCS project announcement,https://www.buzziunicem.it/en/augusta,the owner's own plant page,,"NO CCS DOCUMENT FOUND FOR AUGUSTA. Buzzi's carbon capture work the search reached is at Monselice (Nuada pilot) and Vernasca (Cleanker); the plant page is the owner's own and names the site"
ieaccus:687,transport and storage,Augusta C2 ,Italy-Greece,searched none found,"""Augusta C2"" CO2 project Italy Greece Sonatrach Augusta CCS announcement",,no candidate,,"NOTHING FOUND. No owner page and no document naming 'Augusta C2' was reached. A CarbonGap tracker page lists it among Italian capture projects and the Italy-Greece leg is the Prinos storage route, but neither is an owner's document and neither may be handed over as one (L9)"
ieaccus:917,transport and storage,Gismarvik CO2 hub,Norway,searched none found,Gismarvik CO2 hub Norway project official announcement,https://horisontenergi.no/projects/gismarvik-co2-terminal/,the owner's own project page (Horisont Energi),,"the same page is mirrored at nosnova.com/projects/gismarvik-co2-terminal/ — NOS Nova is the joint venture"
